w8A	game_113D60	func_150E6FAC	0
w8A	game_12FDD0	func_15102D90	0
w8A	game_169510	func_151406AC	0
w8A	game_1944C0	func_151670C0	0
w8A	game_1944C0	func_151671E8	0
w8A	game_83300	func_1505D5D0	0
w8A	game_CDE80	func_150A29C8	0
w8A	game_CDE80	func_150A3194	0
w8B	game_142560	func_15116D7C	0
w8B	game_15F680	func_15132444	0
w8B	game_1BA1D0	func_15191400	0
w8B	game_1C1150	func_15195528	0
w8B	game_981E0	func_1506D958	0
w8B	game_981E0	func_150727F0	0
w8B	game_EEE70	func_150C1E34	0
w8C	game_100810	func_150D49C0	0
w8C	game_1B1600	func_15187978	0
w8C	game_1D6E80	func_151A9CA0	0
w8C	game_58F80	func_1502EEF4	0
w8C	game_6B320	func_1503EA54	0
w8C	game_AEB40	func_15083E90	0
w9A	game_13BB20	func_1510E670	0
w9A	game_1A6360	func_151794C8	0
w9A	game_1E73B0	func_151BC64C	0
w9A	game_3D2E0	func_1500FFCC	0
w9A	game_F3BA0	func_150C68C4	0
w9B	game_111670	func_150E41C0	0
w9B	game_1CC440	func_151A24A8	0
w9B	game_1D4E00	func_151A7950	0
w9C	game_15D730	func_151319C4	0
w9C	game_1A8060	func_1517ABB0	0
w9C	game_1E30A0	func_151B5E94	0
w9C	game_204660	func_151D7264	0
w9C	game_30E90	func_15004AAC	0
w9C	game_F3270	func_150C5F94	0
w9C	init_EB00	func_1000F568	0
w9C	init_EB00	func_100114D0	0
